<?xml version="1.0" encoding="UTF-8" standalone="yes"?>
<addon id="repository.fusionlauncher.plugins" name="Project Fusion Kodi Add-ons" version="1.0.0" provider-name="Project Fusion">
	<extension point="xbmc.addon.repository" name="Project Fusion Kodi Add-ons">
		<info compressed="false">https://github.com/FusionLauncher/FusionKodiPlugin/raw/master/addons.xml</info>
		<checksum>https://github.com/FusionLauncher/FusionKodiPlugin/raw/master/addons.xml.md5</checksum>
		<datadir zip="true">https://github.com/FusionLauncher/FusionKodiPlugin/raw/master/</datadir>
	</extension>
	<extension point="xbmc.addon.metadata">
		<summary>Install Add-ons from Project Fusion Add-on Repository</summary>
		<description>Plug-ins for Kodi</description>
		<disclaimer>There are add-ons that allow launch Games with Kodi and Fusion Launcher</disclaimer>
		<platform>all</platform>
	</extension>
</addon>
